PARAM,HORIZON,LANES,MARGIN,NUM_VEHICLES,PARK_CAP_MULT,AIR_SPEED,MAX_ENDURANCE,OPERATIONAL_CAP,TAT,NETWORKS,WEATHER_SCEN,WEATHER_CUTOFF,FIXED_DIR,DEM_MIN_VERT,DEMAND_ALPHA,TIME_DISC,NUM_ROUTES,PP_ALGO,TPR,KNN,PRED_TYPE,SEEDS,TIME_LIMIT,OPT_GAP
1,180,2,3.0,3,2.0,100.0,90,1,5,Victor_Network,0,0,0,10.0,30.0,1,1,backward_one,0.7,1,Oracle,405,1800,0.01
2,180,4,3.0,3,2.0,100.0,90,1,5,Victor_Network,0,0,0,10.0,30.0,1,1,backward_one,0.7,1,Oracle,405,1800,0.01
3,180,8,3.0,3,2.0,100.0,90,1,5,Victor_Network,0,0,0,10.0,30.0,1,1,backward_one,0.7,1,Oracle,405,1800,0.01
4,180,2,5.0,3,2.0,100.0,90,1,5,Victor_Network,0,0,0,10.0,30.0,1,1,backward_one,0.7,1,Oracle,405,1800,0.01
5,180,4,5.0,3,2.0,100.0,90,1,5,Victor_Network,0,0,0,10.0,30.0,1,1,backward_one,0.7,1,Oracle,405,1800,0.01
6,180,8,5.0,3,2.0,100.0,90,1,5,Victor_Network,0,0,0,10.0,30.0,1,1,backward_one,0.7,1,Oracle,405,1800,0.01
7,180,2,10.0,3,2.0,100.0,90,1,5,Victor_Network,0,0,0,10.0,30.0,1,1,backward_one,0.7,1,Oracle,405,1800,0.01
8,180,4,10.0,3,2.0,100.0,90,1,5,Victor_Network,0,0,0,10.0,30.0,1,1,backward_one,0.7,1,Oracle,405,1800,0.01
9,180,8,10.0,3,2.0,100.0,90,1,5,Victor_Network,0,0,0,10.0,30.0,1,1,backward_one,0.7,1,Oracle,405,1800,0.01
10,180,2,3.0,5,2.0,100.0,90,1,5,Victor_Network,0,0,0,10.0,30.0,1,1,backward_one,0.7,1,Oracle,405,1800,0.01
11,180,4,3.0,5,2.0,100.0,90,1,5,Victor_Network,0,0,0,10.0,30.0,1,1,backward_one,0.7,1,Oracle,405,1800,0.01
12,180,8,3.0,5,2.0,100.0,90,1,5,Victor_Network,0,0,0,10.0,30.0,1,1,backward_one,0.7,1,Oracle,405,1800,0.01
13,180,2,5.0,5,2.0,100.0,90,1,5,Victor_Network,0,0,0,10.0,30.0,1,1,backward_one,0.7,1,Oracle,405,1800,0.01
14,180,4,5.0,5,2.0,100.0,90,1,5,Victor_Network,0,0,0,10.0,30.0,1,1,backward_one,0.7,1,Oracle,405,1800,0.01
15,180,8,5.0,5,2.0,100.0,90,1,5,Victor_Network,0,0,0,10.0,30.0,1,1,backward_one,0.7,1,Oracle,405,1800,0.01
16,180,2,10.0,5,2.0,100.0,90,1,5,Victor_Network,0,0,0,10.0,30.0,1,1,backward_one,0.7,1,Oracle,405,1800,0.01
17,180,4,10.0,5,2.0,100.0,90,1,5,Victor_Network,0,0,0,10.0,30.0,1,1,backward_one,0.7,1,Oracle,405,1800,0.01
18,180,8,10.0,5,2.0,100.0,90,1,5,Victor_Network,0,0,0,10.0,30.0,1,1,backward_one,0.7,1,Oracle,405,1800,0.01
19,180,2,3.0,9,2.0,100.0,90,1,5,Victor_Network,0,0,0,10.0,30.0,1,1,backward_one,0.7,1,Oracle,405,1800,0.01
20,180,4,3.0,9,2.0,100.0,90,1,5,Victor_Network,0,0,0,10.0,30.0,1,1,backward_one,0.7,1,Oracle,405,1800,0.01
21,180,8,3.0,9,2.0,100.0,90,1,5,Victor_Network,0,0,0,10.0,30.0,1,1,backward_one,0.7,1,Oracle,405,1800,0.01
22,180,2,5.0,9,2.0,100.0,90,1,5,Victor_Network,0,0,0,10.0,30.0,1,1,backward_one,0.7,1,Oracle,405,1800,0.01
23,180,4,5.0,9,2.0,100.0,90,1,5,Victor_Network,0,0,0,10.0,30.0,1,1,backward_one,0.7,1,Oracle,405,1800,0.01
24,180,8,5.0,9,2.0,100.0,90,1,5,Victor_Network,0,0,0,10.0,30.0,1,1,backward_one,0.7,1,Oracle,405,1800,0.01
25,180,2,10.0,9,2.0,100.0,90,1,5,Victor_Network,0,0,0,10.0,30.0,1,1,backward_one,0.7,1,Oracle,405,1800,0.01
26,180,4,10.0,9,2.0,100.0,90,1,5,Victor_Network,0,0,0,10.0,30.0,1,1,backward_one,0.7,1,Oracle,405,1800,0.01
27,180,8,10.0,9,2.0,100.0,90,1,5,Victor_Network,0,0,0,10.0,30.0,1,1,backward_one,0.7,1,Oracle,405,1800,0.01
28,180,2,3.0,3,2.0,100.0,90,1,15,Victor_Network,0,0,0,10.0,30.0,1,1,backward_one,0.7,1,Oracle,405,1800,0.01
29,180,4,3.0,3,2.0,100.0,90,1,15,Victor_Network,0,0,0,10.0,30.0,1,1,backward_one,0.7,1,Oracle,405,1800,0.01
30,180,8,3.0,3,2.0,100.0,90,1,15,Victor_Network,0,0,0,10.0,30.0,1,1,backward_one,0.7,1,Oracle,405,1800,0.01
31,180,2,5.0,3,2.0,100.0,90,1,15,Victor_Network,0,0,0,10.0,30.0,1,1,backward_one,0.7,1,Oracle,405,1800,0.01
32,180,4,5.0,3,2.0,100.0,90,1,15,Victor_Network,0,0,0,10.0,30.0,1,1,backward_one,0.7,1,Oracle,405,1800,0.01
33,180,8,5.0,3,2.0,100.0,90,1,15,Victor_Network,0,0,0,10.0,30.0,1,1,backward_one,0.7,1,Oracle,405,1800,0.01
34,180,2,10.0,3,2.0,100.0,90,1,15,Victor_Network,0,0,0,10.0,30.0,1,1,backward_one,0.7,1,Oracle,405,1800,0.01
35,180,4,10.0,3,2.0,100.0,90,1,15,Victor_Network,0,0,0,10.0,30.0,1,1,backward_one,0.7,1,Oracle,405,1800,0.01
36,180,8,10.0,3,2.0,100.0,90,1,15,Victor_Network,0,0,0,10.0,30.0,1,1,backward_one,0.7,1,Oracle,405,1800,0.01
37,180,2,3.0,5,2.0,100.0,90,1,15,Victor_Network,0,0,0,10.0,30.0,1,1,backward_one,0.7,1,Oracle,405,1800,0.01
38,180,4,3.0,5,2.0,100.0,90,1,15,Victor_Network,0,0,0,10.0,30.0,1,1,backward_one,0.7,1,Oracle,405,1800,0.01
39,180,8,3.0,5,2.0,100.0,90,1,15,Victor_Network,0,0,0,10.0,30.0,1,1,backward_one,0.7,1,Oracle,405,1800,0.01
40,180,2,5.0,5,2.0,100.0,90,1,15,Victor_Network,0,0,0,10.0,30.0,1,1,backward_one,0.7,1,Oracle,405,1800,0.01
41,180,4,5.0,5,2.0,100.0,90,1,15,Victor_Network,0,0,0,10.0,30.0,1,1,backward_one,0.7,1,Oracle,405,1800,0.01
42,180,8,5.0,5,2.0,100.0,90,1,15,Victor_Network,0,0,0,10.0,30.0,1,1,backward_one,0.7,1,Oracle,405,1800,0.01
43,180,2,10.0,5,2.0,100.0,90,1,15,Victor_Network,0,0,0,10.0,30.0,1,1,backward_one,0.7,1,Oracle,405,1800,0.01
44,180,4,10.0,5,2.0,100.0,90,1,15,Victor_Network,0,0,0,10.0,30.0,1,1,backward_one,0.7,1,Oracle,405,1800,0.01
45,180,8,10.0,5,2.0,100.0,90,1,15,Victor_Network,0,0,0,10.0,30.0,1,1,backward_one,0.7,1,Oracle,405,1800,0.01
46,180,2,3.0,9,2.0,100.0,90,1,15,Victor_Network,0,0,0,10.0,30.0,1,1,backward_one,0.7,1,Oracle,405,1800,0.01
47,180,4,3.0,9,2.0,100.0,90,1,15,Victor_Network,0,0,0,10.0,30.0,1,1,backward_one,0.7,1,Oracle,405,1800,0.01
48,180,8,3.0,9,2.0,100.0,90,1,15,Victor_Network,0,0,0,10.0,30.0,1,1,backward_one,0.7,1,Oracle,405,1800,0.01
49,180,2,5.0,9,2.0,100.0,90,1,15,Victor_Network,0,0,0,10.0,30.0,1,1,backward_one,0.7,1,Oracle,405,1800,0.01
50,180,4,5.0,9,2.0,100.0,90,1,15,Victor_Network,0,0,0,10.0,30.0,1,1,backward_one,0.7,1,Oracle,405,1800,0.01
51,180,8,5.0,9,2.0,100.0,90,1,15,Victor_Network,0,0,0,10.0,30.0,1,1,backward_one,0.7,1,Oracle,405,1800,0.01
52,180,2,10.0,9,2.0,100.0,90,1,15,Victor_Network,0,0,0,10.0,30.0,1,1,backward_one,0.7,1,Oracle,405,1800,0.01
53,180,4,10.0,9,2.0,100.0,90,1,15,Victor_Network,0,0,0,10.0,30.0,1,1,backward_one,0.7,1,Oracle,405,1800,0.01
54,180,8,10.0,9,2.0,100.0,90,1,15,Victor_Network,0,0,0,10.0,30.0,1,1,backward_one,0.7,1,Oracle,405,1800,0.01
55,180,2,3.0,3,2.0,100.0,90,1,30,Victor_Network,0,0,0,10.0,30.0,1,1,backward_one,0.7,1,Oracle,405,1800,0.01
56,180,4,3.0,3,2.0,100.0,90,1,30,Victor_Network,0,0,0,10.0,30.0,1,1,backward_one,0.7,1,Oracle,405,1800,0.01
57,180,8,3.0,3,2.0,100.0,90,1,30,Victor_Network,0,0,0,10.0,30.0,1,1,backward_one,0.7,1,Oracle,405,1800,0.01
58,180,2,5.0,3,2.0,100.0,90,1,30,Victor_Network,0,0,0,10.0,30.0,1,1,backward_one,0.7,1,Oracle,405,1800,0.01
59,180,4,5.0,3,2.0,100.0,90,1,30,Victor_Network,0,0,0,10.0,30.0,1,1,backward_one,0.7,1,Oracle,405,1800,0.01
60,180,8,5.0,3,2.0,100.0,90,1,30,Victor_Network,0,0,0,10.0,30.0,1,1,backward_one,0.7,1,Oracle,405,1800,0.01
61,180,2,10.0,3,2.0,100.0,90,1,30,Victor_Network,0,0,0,10.0,30.0,1,1,backward_one,0.7,1,Oracle,405,1800,0.01
62,180,4,10.0,3,2.0,100.0,90,1,30,Victor_Network,0,0,0,10.0,30.0,1,1,backward_one,0.7,1,Oracle,405,1800,0.01
63,180,8,10.0,3,2.0,100.0,90,1,30,Victor_Network,0,0,0,10.0,30.0,1,1,backward_one,0.7,1,Oracle,405,1800,0.01
64,180,2,3.0,5,2.0,100.0,90,1,30,Victor_Network,0,0,0,10.0,30.0,1,1,backward_one,0.7,1,Oracle,405,1800,0.01
65,180,4,3.0,5,2.0,100.0,90,1,30,Victor_Network,0,0,0,10.0,30.0,1,1,backward_one,0.7,1,Oracle,405,1800,0.01
66,180,8,3.0,5,2.0,100.0,90,1,30,Victor_Network,0,0,0,10.0,30.0,1,1,backward_one,0.7,1,Oracle,405,1800,0.01
67,180,2,5.0,5,2.0,100.0,90,1,30,Victor_Network,0,0,0,10.0,30.0,1,1,backward_one,0.7,1,Oracle,405,1800,0.01
68,180,4,5.0,5,2.0,100.0,90,1,30,Victor_Network,0,0,0,10.0,30.0,1,1,backward_one,0.7,1,Oracle,405,1800,0.01
69,180,8,5.0,5,2.0,100.0,90,1,30,Victor_Network,0,0,0,10.0,30.0,1,1,backward_one,0.7,1,Oracle,405,1800,0.01
70,180,2,10.0,5,2.0,100.0,90,1,30,Victor_Network,0,0,0,10.0,30.0,1,1,backward_one,0.7,1,Oracle,405,1800,0.01
71,180,4,10.0,5,2.0,100.0,90,1,30,Victor_Network,0,0,0,10.0,30.0,1,1,backward_one,0.7,1,Oracle,405,1800,0.01
72,180,8,10.0,5,2.0,100.0,90,1,30,Victor_Network,0,0,0,10.0,30.0,1,1,backward_one,0.7,1,Oracle,405,1800,0.01
73,180,2,3.0,9,2.0,100.0,90,1,30,Victor_Network,0,0,0,10.0,30.0,1,1,backward_one,0.7,1,Oracle,405,1800,0.01
74,180,4,3.0,9,2.0,100.0,90,1,30,Victor_Network,0,0,0,10.0,30.0,1,1,backward_one,0.7,1,Oracle,405,1800,0.01
75,180,8,3.0,9,2.0,100.0,90,1,30,Victor_Network,0,0,0,10.0,30.0,1,1,backward_one,0.7,1,Oracle,405,1800,0.01
76,180,2,5.0,9,2.0,100.0,90,1,30,Victor_Network,0,0,0,10.0,30.0,1,1,backward_one,0.7,1,Oracle,405,1800,0.01
77,180,4,5.0,9,2.0,100.0,90,1,30,Victor_Network,0,0,0,10.0,30.0,1,1,backward_one,0.7,1,Oracle,405,1800,0.01
78,180,8,5.0,9,2.0,100.0,90,1,30,Victor_Network,0,0,0,10.0,30.0,1,1,backward_one,0.7,1,Oracle,405,1800,0.01
79,180,2,10.0,9,2.0,100.0,90,1,30,Victor_Network,0,0,0,10.0,30.0,1,1,backward_one,0.7,1,Oracle,405,1800,0.01
80,180,4,10.0,9,2.0,100.0,90,1,30,Victor_Network,0,0,0,10.0,30.0,1,1,backward_one,0.7,1,Oracle,405,1800,0.01
81,180,8,10.0,9,2.0,100.0,90,1,30,Victor_Network,0,0,0,10.0,30.0,1,1,backward_one,0.7,1,Oracle,405,1800,0.01
82,180,2,3.0,3,2.0,100.0,90,1,5,Grid_Network,0,0,0,10.0,30.0,1,1,backward_one,0.7,1,Oracle,405,1800,0.01
83,180,4,3.0,3,2.0,100.0,90,1,5,Grid_Network,0,0,0,10.0,30.0,1,1,backward_one,0.7,1,Oracle,405,1800,0.01
84,180,8,3.0,3,2.0,100.0,90,1,5,Grid_Network,0,0,0,10.0,30.0,1,1,backward_one,0.7,1,Oracle,405,1800,0.01
85,180,2,5.0,3,2.0,100.0,90,1,5,Grid_Network,0,0,0,10.0,30.0,1,1,backward_one,0.7,1,Oracle,405,1800,0.01
86,180,4,5.0,3,2.0,100.0,90,1,5,Grid_Network,0,0,0,10.0,30.0,1,1,backward_one,0.7,1,Oracle,405,1800,0.01
87,180,8,5.0,3,2.0,100.0,90,1,5,Grid_Network,0,0,0,10.0,30.0,1,1,backward_one,0.7,1,Oracle,405,1800,0.01
88,180,2,10.0,3,2.0,100.0,90,1,5,Grid_Network,0,0,0,10.0,30.0,1,1,backward_one,0.7,1,Oracle,405,1800,0.01
89,180,4,10.0,3,2.0,100.0,90,1,5,Grid_Network,0,0,0,10.0,30.0,1,1,backward_one,0.7,1,Oracle,405,1800,0.01
90,180,8,10.0,3,2.0,100.0,90,1,5,Grid_Network,0,0,0,10.0,30.0,1,1,backward_one,0.7,1,Oracle,405,1800,0.01
91,180,2,3.0,5,2.0,100.0,90,1,5,Grid_Network,0,0,0,10.0,30.0,1,1,backward_one,0.7,1,Oracle,405,1800,0.01
92,180,4,3.0,5,2.0,100.0,90,1,5,Grid_Network,0,0,0,10.0,30.0,1,1,backward_one,0.7,1,Oracle,405,1800,0.01
93,180,8,3.0,5,2.0,100.0,90,1,5,Grid_Network,0,0,0,10.0,30.0,1,1,backward_one,0.7,1,Oracle,405,1800,0.01
94,180,2,5.0,5,2.0,100.0,90,1,5,Grid_Network,0,0,0,10.0,30.0,1,1,backward_one,0.7,1,Oracle,405,1800,0.01
95,180,4,5.0,5,2.0,100.0,90,1,5,Grid_Network,0,0,0,10.0,30.0,1,1,backward_one,0.7,1,Oracle,405,1800,0.01
96,180,8,5.0,5,2.0,100.0,90,1,5,Grid_Network,0,0,0,10.0,30.0,1,1,backward_one,0.7,1,Oracle,405,1800,0.01
97,180,2,10.0,5,2.0,100.0,90,1,5,Grid_Network,0,0,0,10.0,30.0,1,1,backward_one,0.7,1,Oracle,405,1800,0.01
98,180,4,10.0,5,2.0,100.0,90,1,5,Grid_Network,0,0,0,10.0,30.0,1,1,backward_one,0.7,1,Oracle,405,1800,0.01
99,180,8,10.0,5,2.0,100.0,90,1,5,Grid_Network,0,0,0,10.0,30.0,1,1,backward_one,0.7,1,Oracle,405,1800,0.01
100,180,2,3.0,9,2.0,100.0,90,1,5,Grid_Network,0,0,0,10.0,30.0,1,1,backward_one,0.7,1,Oracle,405,1800,0.01
101,180,4,3.0,9,2.0,100.0,90,1,5,Grid_Network,0,0,0,10.0,30.0,1,1,backward_one,0.7,1,Oracle,405,1800,0.01
102,180,8,3.0,9,2.0,100.0,90,1,5,Grid_Network,0,0,0,10.0,30.0,1,1,backward_one,0.7,1,Oracle,405,1800,0.01
103,180,2,5.0,9,2.0,100.0,90,1,5,Grid_Network,0,0,0,10.0,30.0,1,1,backward_one,0.7,1,Oracle,405,1800,0.01
104,180,4,5.0,9,2.0,100.0,90,1,5,Grid_Network,0,0,0,10.0,30.0,1,1,backward_one,0.7,1,Oracle,405,1800,0.01
105,180,8,5.0,9,2.0,100.0,90,1,5,Grid_Network,0,0,0,10.0,30.0,1,1,backward_one,0.7,1,Oracle,405,1800,0.01
106,180,2,10.0,9,2.0,100.0,90,1,5,Grid_Network,0,0,0,10.0,30.0,1,1,backward_one,0.7,1,Oracle,405,1800,0.01
107,180,4,10.0,9,2.0,100.0,90,1,5,Grid_Network,0,0,0,10.0,30.0,1,1,backward_one,0.7,1,Oracle,405,1800,0.01
108,180,8,10.0,9,2.0,100.0,90,1,5,Grid_Network,0,0,0,10.0,30.0,1,1,backward_one,0.7,1,Oracle,405,1800,0.01
109,180,2,3.0,3,2.0,100.0,90,1,15,Grid_Network,0,0,0,10.0,30.0,1,1,backward_one,0.7,1,Oracle,405,1800,0.01
110,180,4,3.0,3,2.0,100.0,90,1,15,Grid_Network,0,0,0,10.0,30.0,1,1,backward_one,0.7,1,Oracle,405,1800,0.01
111,180,8,3.0,3,2.0,100.0,90,1,15,Grid_Network,0,0,0,10.0,30.0,1,1,backward_one,0.7,1,Oracle,405,1800,0.01
112,180,2,5.0,3,2.0,100.0,90,1,15,Grid_Network,0,0,0,10.0,30.0,1,1,backward_one,0.7,1,Oracle,405,1800,0.01
113,180,4,5.0,3,2.0,100.0,90,1,15,Grid_Network,0,0,0,10.0,30.0,1,1,backward_one,0.7,1,Oracle,405,1800,0.01
114,180,8,5.0,3,2.0,100.0,90,1,15,Grid_Network,0,0,0,10.0,30.0,1,1,backward_one,0.7,1,Oracle,405,1800,0.01
115,180,2,10.0,3,2.0,100.0,90,1,15,Grid_Network,0,0,0,10.0,30.0,1,1,backward_one,0.7,1,Oracle,405,1800,0.01
116,180,4,10.0,3,2.0,100.0,90,1,15,Grid_Network,0,0,0,10.0,30.0,1,1,backward_one,0.7,1,Oracle,405,1800,0.01
117,180,8,10.0,3,2.0,100.0,90,1,15,Grid_Network,0,0,0,10.0,30.0,1,1,backward_one,0.7,1,Oracle,405,1800,0.01
118,180,2,3.0,5,2.0,100.0,90,1,15,Grid_Network,0,0,0,10.0,30.0,1,1,backward_one,0.7,1,Oracle,405,1800,0.01
119,180,4,3.0,5,2.0,100.0,90,1,15,Grid_Network,0,0,0,10.0,30.0,1,1,backward_one,0.7,1,Oracle,405,1800,0.01
120,180,8,3.0,5,2.0,100.0,90,1,15,Grid_Network,0,0,0,10.0,30.0,1,1,backward_one,0.7,1,Oracle,405,1800,0.01
121,180,2,5.0,5,2.0,100.0,90,1,15,Grid_Network,0,0,0,10.0,30.0,1,1,backward_one,0.7,1,Oracle,405,1800,0.01
122,180,4,5.0,5,2.0,100.0,90,1,15,Grid_Network,0,0,0,10.0,30.0,1,1,backward_one,0.7,1,Oracle,405,1800,0.01
123,180,8,5.0,5,2.0,100.0,90,1,15,Grid_Network,0,0,0,10.0,30.0,1,1,backward_one,0.7,1,Oracle,405,1800,0.01
124,180,2,10.0,5,2.0,100.0,90,1,15,Grid_Network,0,0,0,10.0,30.0,1,1,backward_one,0.7,1,Oracle,405,1800,0.01
125,180,4,10.0,5,2.0,100.0,90,1,15,Grid_Network,0,0,0,10.0,30.0,1,1,backward_one,0.7,1,Oracle,405,1800,0.01
126,180,8,10.0,5,2.0,100.0,90,1,15,Grid_Network,0,0,0,10.0,30.0,1,1,backward_one,0.7,1,Oracle,405,1800,0.01
127,180,2,3.0,9,2.0,100.0,90,1,15,Grid_Network,0,0,0,10.0,30.0,1,1,backward_one,0.7,1,Oracle,405,1800,0.01
128,180,4,3.0,9,2.0,100.0,90,1,15,Grid_Network,0,0,0,10.0,30.0,1,1,backward_one,0.7,1,Oracle,405,1800,0.01
129,180,8,3.0,9,2.0,100.0,90,1,15,Grid_Network,0,0,0,10.0,30.0,1,1,backward_one,0.7,1,Oracle,405,1800,0.01
130,180,2,5.0,9,2.0,100.0,90,1,15,Grid_Network,0,0,0,10.0,30.0,1,1,backward_one,0.7,1,Oracle,405,1800,0.01
131,180,4,5.0,9,2.0,100.0,90,1,15,Grid_Network,0,0,0,10.0,30.0,1,1,backward_one,0.7,1,Oracle,405,1800,0.01
132,180,8,5.0,9,2.0,100.0,90,1,15,Grid_Network,0,0,0,10.0,30.0,1,1,backward_one,0.7,1,Oracle,405,1800,0.01
133,180,2,10.0,9,2.0,100.0,90,1,15,Grid_Network,0,0,0,10.0,30.0,1,1,backward_one,0.7,1,Oracle,405,1800,0.01
134,180,4,10.0,9,2.0,100.0,90,1,15,Grid_Network,0,0,0,10.0,30.0,1,1,backward_one,0.7,1,Oracle,405,1800,0.01
135,180,8,10.0,9,2.0,100.0,90,1,15,Grid_Network,0,0,0,10.0,30.0,1,1,backward_one,0.7,1,Oracle,405,1800,0.01
136,180,2,3.0,3,2.0,100.0,90,1,30,Grid_Network,0,0,0,10.0,30.0,1,1,backward_one,0.7,1,Oracle,405,1800,0.01
137,180,4,3.0,3,2.0,100.0,90,1,30,Grid_Network,0,0,0,10.0,30.0,1,1,backward_one,0.7,1,Oracle,405,1800,0.01
138,180,8,3.0,3,2.0,100.0,90,1,30,Grid_Network,0,0,0,10.0,30.0,1,1,backward_one,0.7,1,Oracle,405,1800,0.01
139,180,2,5.0,3,2.0,100.0,90,1,30,Grid_Network,0,0,0,10.0,30.0,1,1,backward_one,0.7,1,Oracle,405,1800,0.01
140,180,4,5.0,3,2.0,100.0,90,1,30,Grid_Network,0,0,0,10.0,30.0,1,1,backward_one,0.7,1,Oracle,405,1800,0.01
141,180,8,5.0,3,2.0,100.0,90,1,30,Grid_Network,0,0,0,10.0,30.0,1,1,backward_one,0.7,1,Oracle,405,1800,0.01
142,180,2,10.0,3,2.0,100.0,90,1,30,Grid_Network,0,0,0,10.0,30.0,1,1,backward_one,0.7,1,Oracle,405,1800,0.01
143,180,4,10.0,3,2.0,100.0,90,1,30,Grid_Network,0,0,0,10.0,30.0,1,1,backward_one,0.7,1,Oracle,405,1800,0.01
144,180,8,10.0,3,2.0,100.0,90,1,30,Grid_Network,0,0,0,10.0,30.0,1,1,backward_one,0.7,1,Oracle,405,1800,0.01
145,180,2,3.0,5,2.0,100.0,90,1,30,Grid_Network,0,0,0,10.0,30.0,1,1,backward_one,0.7,1,Oracle,405,1800,0.01
146,180,4,3.0,5,2.0,100.0,90,1,30,Grid_Network,0,0,0,10.0,30.0,1,1,backward_one,0.7,1,Oracle,405,1800,0.01
147,180,8,3.0,5,2.0,100.0,90,1,30,Grid_Network,0,0,0,10.0,30.0,1,1,backward_one,0.7,1,Oracle,405,1800,0.01
148,180,2,5.0,5,2.0,100.0,90,1,30,Grid_Network,0,0,0,10.0,30.0,1,1,backward_one,0.7,1,Oracle,405,1800,0.01
149,180,4,5.0,5,2.0,100.0,90,1,30,Grid_Network,0,0,0,10.0,30.0,1,1,backward_one,0.7,1,Oracle,405,1800,0.01
150,180,8,5.0,5,2.0,100.0,90,1,30,Grid_Network,0,0,0,10.0,30.0,1,1,backward_one,0.7,1,Oracle,405,1800,0.01
151,180,2,10.0,5,2.0,100.0,90,1,30,Grid_Network,0,0,0,10.0,30.0,1,1,backward_one,0.7,1,Oracle,405,1800,0.01
152,180,4,10.0,5,2.0,100.0,90,1,30,Grid_Network,0,0,0,10.0,30.0,1,1,backward_one,0.7,1,Oracle,405,1800,0.01
153,180,8,10.0,5,2.0,100.0,90,1,30,Grid_Network,0,0,0,10.0,30.0,1,1,backward_one,0.7,1,Oracle,405,1800,0.01
154,180,2,3.0,9,2.0,100.0,90,1,30,Grid_Network,0,0,0,10.0,30.0,1,1,backward_one,0.7,1,Oracle,405,1800,0.01
155,180,4,3.0,9,2.0,100.0,90,1,30,Grid_Network,0,0,0,10.0,30.0,1,1,backward_one,0.7,1,Oracle,405,1800,0.01
156,180,8,3.0,9,2.0,100.0,90,1,30,Grid_Network,0,0,0,10.0,30.0,1,1,backward_one,0.7,1,Oracle,405,1800,0.01
157,180,2,5.0,9,2.0,100.0,90,1,30,Grid_Network,0,0,0,10.0,30.0,1,1,backward_one,0.7,1,Oracle,405,1800,0.01
158,180,4,5.0,9,2.0,100.0,90,1,30,Grid_Network,0,0,0,10.0,30.0,1,1,backward_one,0.7,1,Oracle,405,1800,0.01
159,180,8,5.0,9,2.0,100.0,90,1,30,Grid_Network,0,0,0,10.0,30.0,1,1,backward_one,0.7,1,Oracle,405,1800,0.01
160,180,2,10.0,9,2.0,100.0,90,1,30,Grid_Network,0,0,0,10.0,30.0,1,1,backward_one,0.7,1,Oracle,405,1800,0.01
161,180,4,10.0,9,2.0,100.0,90,1,30,Grid_Network,0,0,0,10.0,30.0,1,1,backward_one,0.7,1,Oracle,405,1800,0.01
162,180,8,10.0,9,2.0,100.0,90,1,30,Grid_Network,0,0,0,10.0,30.0,1,1,backward_one,0.7,1,Oracle,405,1800,0.01
163,180,2,3.0,3,2.0,100.0,90,1,5,Direct_Network,0,0,0,10.0,30.0,1,1,backward_one,0.7,1,Oracle,405,1800,0.01
164,180,2,5.0,3,2.0,100.0,90,1,5,Direct_Network,0,0,0,10.0,30.0,1,1,backward_one,0.7,1,Oracle,405,1800,0.01
165,180,2,10.0,3,2.0,100.0,90,1,5,Direct_Network,0,0,0,10.0,30.0,1,1,backward_one,0.7,1,Oracle,405,1800,0.01
166,180,2,3.0,5,2.0,100.0,90,1,5,Direct_Network,0,0,0,10.0,30.0,1,1,backward_one,0.7,1,Oracle,405,1800,0.01
167,180,2,5.0,5,2.0,100.0,90,1,5,Direct_Network,0,0,0,10.0,30.0,1,1,backward_one,0.7,1,Oracle,405,1800,0.01
168,180,2,10.0,5,2.0,100.0,90,1,5,Direct_Network,0,0,0,10.0,30.0,1,1,backward_one,0.7,1,Oracle,405,1800,0.01
169,180,2,3.0,9,2.0,100.0,90,1,5,Direct_Network,0,0,0,10.0,30.0,1,1,backward_one,0.7,1,Oracle,405,1800,0.01
170,180,2,5.0,9,2.0,100.0,90,1,5,Direct_Network,0,0,0,10.0,30.0,1,1,backward_one,0.7,1,Oracle,405,1800,0.01
171,180,2,10.0,9,2.0,100.0,90,1,5,Direct_Network,0,0,0,10.0,30.0,1,1,backward_one,0.7,1,Oracle,405,1800,0.01
172,180,2,3.0,3,2.0,100.0,90,1,15,Direct_Network,0,0,0,10.0,30.0,1,1,backward_one,0.7,1,Oracle,405,1800,0.01
173,180,2,5.0,3,2.0,100.0,90,1,15,Direct_Network,0,0,0,10.0,30.0,1,1,backward_one,0.7,1,Oracle,405,1800,0.01
174,180,2,10.0,3,2.0,100.0,90,1,15,Direct_Network,0,0,0,10.0,30.0,1,1,backward_one,0.7,1,Oracle,405,1800,0.01
175,180,2,3.0,5,2.0,100.0,90,1,15,Direct_Network,0,0,0,10.0,30.0,1,1,backward_one,0.7,1,Oracle,405,1800,0.01
176,180,2,5.0,5,2.0,100.0,90,1,15,Direct_Network,0,0,0,10.0,30.0,1,1,backward_one,0.7,1,Oracle,405,1800,0.01
177,180,2,10.0,5,2.0,100.0,90,1,15,Direct_Network,0,0,0,10.0,30.0,1,1,backward_one,0.7,1,Oracle,405,1800,0.01
178,180,2,3.0,9,2.0,100.0,90,1,15,Direct_Network,0,0,0,10.0,30.0,1,1,backward_one,0.7,1,Oracle,405,1800,0.01
179,180,2,5.0,9,2.0,100.0,90,1,15,Direct_Network,0,0,0,10.0,30.0,1,1,backward_one,0.7,1,Oracle,405,1800,0.01
180,180,2,10.0,9,2.0,100.0,90,1,15,Direct_Network,0,0,0,10.0,30.0,1,1,backward_one,0.7,1,Oracle,405,1800,0.01
181,180,2,3.0,3,2.0,100.0,90,1,30,Direct_Network,0,0,0,10.0,30.0,1,1,backward_one,0.7,1,Oracle,405,1800,0.01
182,180,2,5.0,3,2.0,100.0,90,1,30,Direct_Network,0,0,0,10.0,30.0,1,1,backward_one,0.7,1,Oracle,405,1800,0.01
183,180,2,10.0,3,2.0,100.0,90,1,30,Direct_Network,0,0,0,10.0,30.0,1,1,backward_one,0.7,1,Oracle,405,1800,0.01
184,180,2,3.0,5,2.0,100.0,90,1,30,Direct_Network,0,0,0,10.0,30.0,1,1,backward_one,0.7,1,Oracle,405,1800,0.01
185,180,2,5.0,5,2.0,100.0,90,1,30,Direct_Network,0,0,0,10.0,30.0,1,1,backward_one,0.7,1,Oracle,405,1800,0.01
186,180,2,10.0,5,2.0,100.0,90,1,30,Direct_Network,0,0,0,10.0,30.0,1,1,backward_one,0.7,1,Oracle,405,1800,0.01
187,180,2,3.0,9,2.0,100.0,90,1,30,Direct_Network,0,0,0,10.0,30.0,1,1,backward_one,0.7,1,Oracle,405,1800,0.01
188,180,2,5.0,9,2.0,100.0,90,1,30,Direct_Network,0,0,0,10.0,30.0,1,1,backward_one,0.7,1,Oracle,405,1800,0.01
189,180,2,10.0,9,2.0,100.0,90,1,30,Direct_Network,0,0,0,10.0,30.0,1,1,backward_one,0.7,1,Oracle,405,1800,0.01
190,180,2,3.0,3,2.0,100.0,90,1,5,Victor_Network,0,0,0,10.0,30.0,1,1,backward_one,0.7,1,Oracle,3453,1800,0.01
191,180,4,3.0,3,2.0,100.0,90,1,5,Victor_Network,0,0,0,10.0,30.0,1,1,backward_one,0.7,1,Oracle,3453,1800,0.01
192,180,8,3.0,3,2.0,100.0,90,1,5,Victor_Network,0,0,0,10.0,30.0,1,1,backward_one,0.7,1,Oracle,3453,1800,0.01
193,180,2,5.0,3,2.0,100.0,90,1,5,Victor_Network,0,0,0,10.0,30.0,1,1,backward_one,0.7,1,Oracle,3453,1800,0.01
194,180,4,5.0,3,2.0,100.0,90,1,5,Victor_Network,0,0,0,10.0,30.0,1,1,backward_one,0.7,1,Oracle,3453,1800,0.01
195,180,8,5.0,3,2.0,100.0,90,1,5,Victor_Network,0,0,0,10.0,30.0,1,1,backward_one,0.7,1,Oracle,3453,1800,0.01
196,180,2,10.0,3,2.0,100.0,90,1,5,Victor_Network,0,0,0,10.0,30.0,1,1,backward_one,0.7,1,Oracle,3453,1800,0.01
197,180,4,10.0,3,2.0,100.0,90,1,5,Victor_Network,0,0,0,10.0,30.0,1,1,backward_one,0.7,1,Oracle,3453,1800,0.01
198,180,8,10.0,3,2.0,100.0,90,1,5,Victor_Network,0,0,0,10.0,30.0,1,1,backward_one,0.7,1,Oracle,3453,1800,0.01
199,180,2,3.0,5,2.0,100.0,90,1,5,Victor_Network,0,0,0,10.0,30.0,1,1,backward_one,0.7,1,Oracle,3453,1800,0.01
200,180,4,3.0,5,2.0,100.0,90,1,5,Victor_Network,0,0,0,10.0,30.0,1,1,backward_one,0.7,1,Oracle,3453,1800,0.01
201,180,8,3.0,5,2.0,100.0,90,1,5,Victor_Network,0,0,0,10.0,30.0,1,1,backward_one,0.7,1,Oracle,3453,1800,0.01
202,180,2,5.0,5,2.0,100.0,90,1,5,Victor_Network,0,0,0,10.0,30.0,1,1,backward_one,0.7,1,Oracle,3453,1800,0.01
203,180,4,5.0,5,2.0,100.0,90,1,5,Victor_Network,0,0,0,10.0,30.0,1,1,backward_one,0.7,1,Oracle,3453,1800,0.01
204,180,8,5.0,5,2.0,100.0,90,1,5,Victor_Network,0,0,0,10.0,30.0,1,1,backward_one,0.7,1,Oracle,3453,1800,0.01
205,180,2,10.0,5,2.0,100.0,90,1,5,Victor_Network,0,0,0,10.0,30.0,1,1,backward_one,0.7,1,Oracle,3453,1800,0.01
206,180,4,10.0,5,2.0,100.0,90,1,5,Victor_Network,0,0,0,10.0,30.0,1,1,backward_one,0.7,1,Oracle,3453,1800,0.01
207,180,8,10.0,5,2.0,100.0,90,1,5,Victor_Network,0,0,0,10.0,30.0,1,1,backward_one,0.7,1,Oracle,3453,1800,0.01
208,180,2,3.0,9,2.0,100.0,90,1,5,Victor_Network,0,0,0,10.0,30.0,1,1,backward_one,0.7,1,Oracle,3453,1800,0.01
209,180,4,3.0,9,2.0,100.0,90,1,5,Victor_Network,0,0,0,10.0,30.0,1,1,backward_one,0.7,1,Oracle,3453,1800,0.01
210,180,8,3.0,9,2.0,100.0,90,1,5,Victor_Network,0,0,0,10.0,30.0,1,1,backward_one,0.7,1,Oracle,3453,1800,0.01
211,180,2,5.0,9,2.0,100.0,90,1,5,Victor_Network,0,0,0,10.0,30.0,1,1,backward_one,0.7,1,Oracle,3453,1800,0.01
212,180,4,5.0,9,2.0,100.0,90,1,5,Victor_Network,0,0,0,10.0,30.0,1,1,backward_one,0.7,1,Oracle,3453,1800,0.01
213,180,8,5.0,9,2.0,100.0,90,1,5,Victor_Network,0,0,0,10.0,30.0,1,1,backward_one,0.7,1,Oracle,3453,1800,0.01
214,180,2,10.0,9,2.0,100.0,90,1,5,Victor_Network,0,0,0,10.0,30.0,1,1,backward_one,0.7,1,Oracle,3453,1800,0.01
215,180,4,10.0,9,2.0,100.0,90,1,5,Victor_Network,0,0,0,10.0,30.0,1,1,backward_one,0.7,1,Oracle,3453,1800,0.01
216,180,8,10.0,9,2.0,100.0,90,1,5,Victor_Network,0,0,0,10.0,30.0,1,1,backward_one,0.7,1,Oracle,3453,1800,0.01
217,180,2,3.0,3,2.0,100.0,90,1,15,Victor_Network,0,0,0,10.0,30.0,1,1,backward_one,0.7,1,Oracle,3453,1800,0.01
218,180,4,3.0,3,2.0,100.0,90,1,15,Victor_Network,0,0,0,10.0,30.0,1,1,backward_one,0.7,1,Oracle,3453,1800,0.01
219,180,8,3.0,3,2.0,100.0,90,1,15,Victor_Network,0,0,0,10.0,30.0,1,1,backward_one,0.7,1,Oracle,3453,1800,0.01
220,180,2,5.0,3,2.0,100.0,90,1,15,Victor_Network,0,0,0,10.0,30.0,1,1,backward_one,0.7,1,Oracle,3453,1800,0.01
221,180,4,5.0,3,2.0,100.0,90,1,15,Victor_Network,0,0,0,10.0,30.0,1,1,backward_one,0.7,1,Oracle,3453,1800,0.01
222,180,8,5.0,3,2.0,100.0,90,1,15,Victor_Network,0,0,0,10.0,30.0,1,1,backward_one,0.7,1,Oracle,3453,1800,0.01
223,180,2,10.0,3,2.0,100.0,90,1,15,Victor_Network,0,0,0,10.0,30.0,1,1,backward_one,0.7,1,Oracle,3453,1800,0.01
224,180,4,10.0,3,2.0,100.0,90,1,15,Victor_Network,0,0,0,10.0,30.0,1,1,backward_one,0.7,1,Oracle,3453,1800,0.01
225,180,8,10.0,3,2.0,100.0,90,1,15,Victor_Network,0,0,0,10.0,30.0,1,1,backward_one,0.7,1,Oracle,3453,1800,0.01
226,180,2,3.0,5,2.0,100.0,90,1,15,Victor_Network,0,0,0,10.0,30.0,1,1,backward_one,0.7,1,Oracle,3453,1800,0.01
227,180,4,3.0,5,2.0,100.0,90,1,15,Victor_Network,0,0,0,10.0,30.0,1,1,backward_one,0.7,1,Oracle,3453,1800,0.01
228,180,8,3.0,5,2.0,100.0,90,1,15,Victor_Network,0,0,0,10.0,30.0,1,1,backward_one,0.7,1,Oracle,3453,1800,0.01
229,180,2,5.0,5,2.0,100.0,90,1,15,Victor_Network,0,0,0,10.0,30.0,1,1,backward_one,0.7,1,Oracle,3453,1800,0.01
230,180,4,5.0,5,2.0,100.0,90,1,15,Victor_Network,0,0,0,10.0,30.0,1,1,backward_one,0.7,1,Oracle,3453,1800,0.01
231,180,8,5.0,5,2.0,100.0,90,1,15,Victor_Network,0,0,0,10.0,30.0,1,1,backward_one,0.7,1,Oracle,3453,1800,0.01
232,180,2,10.0,5,2.0,100.0,90,1,15,Victor_Network,0,0,0,10.0,30.0,1,1,backward_one,0.7,1,Oracle,3453,1800,0.01
233,180,4,10.0,5,2.0,100.0,90,1,15,Victor_Network,0,0,0,10.0,30.0,1,1,backward_one,0.7,1,Oracle,3453,1800,0.01
234,180,8,10.0,5,2.0,100.0,90,1,15,Victor_Network,0,0,0,10.0,30.0,1,1,backward_one,0.7,1,Oracle,3453,1800,0.01
235,180,2,3.0,9,2.0,100.0,90,1,15,Victor_Network,0,0,0,10.0,30.0,1,1,backward_one,0.7,1,Oracle,3453,1800,0.01
236,180,4,3.0,9,2.0,100.0,90,1,15,Victor_Network,0,0,0,10.0,30.0,1,1,backward_one,0.7,1,Oracle,3453,1800,0.01
237,180,8,3.0,9,2.0,100.0,90,1,15,Victor_Network,0,0,0,10.0,30.0,1,1,backward_one,0.7,1,Oracle,3453,1800,0.01
238,180,2,5.0,9,2.0,100.0,90,1,15,Victor_Network,0,0,0,10.0,30.0,1,1,backward_one,0.7,1,Oracle,3453,1800,0.01
239,180,4,5.0,9,2.0,100.0,90,1,15,Victor_Network,0,0,0,10.0,30.0,1,1,backward_one,0.7,1,Oracle,3453,1800,0.01
240,180,8,5.0,9,2.0,100.0,90,1,15,Victor_Network,0,0,0,10.0,30.0,1,1,backward_one,0.7,1,Oracle,3453,1800,0.01
241,180,2,10.0,9,2.0,100.0,90,1,15,Victor_Network,0,0,0,10.0,30.0,1,1,backward_one,0.7,1,Oracle,3453,1800,0.01
242,180,4,10.0,9,2.0,100.0,90,1,15,Victor_Network,0,0,0,10.0,30.0,1,1,backward_one,0.7,1,Oracle,3453,1800,0.01
243,180,8,10.0,9,2.0,100.0,90,1,15,Victor_Network,0,0,0,10.0,30.0,1,1,backward_one,0.7,1,Oracle,3453,1800,0.01
244,180,2,3.0,3,2.0,100.0,90,1,30,Victor_Network,0,0,0,10.0,30.0,1,1,backward_one,0.7,1,Oracle,3453,1800,0.01
245,180,4,3.0,3,2.0,100.0,90,1,30,Victor_Network,0,0,0,10.0,30.0,1,1,backward_one,0.7,1,Oracle,3453,1800,0.01
246,180,8,3.0,3,2.0,100.0,90,1,30,Victor_Network,0,0,0,10.0,30.0,1,1,backward_one,0.7,1,Oracle,3453,1800,0.01
247,180,2,5.0,3,2.0,100.0,90,1,30,Victor_Network,0,0,0,10.0,30.0,1,1,backward_one,0.7,1,Oracle,3453,1800,0.01
248,180,4,5.0,3,2.0,100.0,90,1,30,Victor_Network,0,0,0,10.0,30.0,1,1,backward_one,0.7,1,Oracle,3453,1800,0.01
249,180,8,5.0,3,2.0,100.0,90,1,30,Victor_Network,0,0,0,10.0,30.0,1,1,backward_one,0.7,1,Oracle,3453,1800,0.01
250,180,2,10.0,3,2.0,100.0,90,1,30,Victor_Network,0,0,0,10.0,30.0,1,1,backward_one,0.7,1,Oracle,3453,1800,0.01
251,180,4,10.0,3,2.0,100.0,90,1,30,Victor_Network,0,0,0,10.0,30.0,1,1,backward_one,0.7,1,Oracle,3453,1800,0.01
252,180,8,10.0,3,2.0,100.0,90,1,30,Victor_Network,0,0,0,10.0,30.0,1,1,backward_one,0.7,1,Oracle,3453,1800,0.01
253,180,2,3.0,5,2.0,100.0,90,1,30,Victor_Network,0,0,0,10.0,30.0,1,1,backward_one,0.7,1,Oracle,3453,1800,0.01
254,180,4,3.0,5,2.0,100.0,90,1,30,Victor_Network,0,0,0,10.0,30.0,1,1,backward_one,0.7,1,Oracle,3453,1800,0.01
255,180,8,3.0,5,2.0,100.0,90,1,30,Victor_Network,0,0,0,10.0,30.0,1,1,backward_one,0.7,1,Oracle,3453,1800,0.01
256,180,2,5.0,5,2.0,100.0,90,1,30,Victor_Network,0,0,0,10.0,30.0,1,1,backward_one,0.7,1,Oracle,3453,1800,0.01
257,180,4,5.0,5,2.0,100.0,90,1,30,Victor_Network,0,0,0,10.0,30.0,1,1,backward_one,0.7,1,Oracle,3453,1800,0.01
258,180,8,5.0,5,2.0,100.0,90,1,30,Victor_Network,0,0,0,10.0,30.0,1,1,backward_one,0.7,1,Oracle,3453,1800,0.01
259,180,2,10.0,5,2.0,100.0,90,1,30,Victor_Network,0,0,0,10.0,30.0,1,1,backward_one,0.7,1,Oracle,3453,1800,0.01
260,180,4,10.0,5,2.0,100.0,90,1,30,Victor_Network,0,0,0,10.0,30.0,1,1,backward_one,0.7,1,Oracle,3453,1800,0.01
261,180,8,10.0,5,2.0,100.0,90,1,30,Victor_Network,0,0,0,10.0,30.0,1,1,backward_one,0.7,1,Oracle,3453,1800,0.01
262,180,2,3.0,9,2.0,100.0,90,1,30,Victor_Network,0,0,0,10.0,30.0,1,1,backward_one,0.7,1,Oracle,3453,1800,0.01
263,180,4,3.0,9,2.0,100.0,90,1,30,Victor_Network,0,0,0,10.0,30.0,1,1,backward_one,0.7,1,Oracle,3453,1800,0.01
264,180,8,3.0,9,2.0,100.0,90,1,30,Victor_Network,0,0,0,10.0,30.0,1,1,backward_one,0.7,1,Oracle,3453,1800,0.01
265,180,2,5.0,9,2.0,100.0,90,1,30,Victor_Network,0,0,0,10.0,30.0,1,1,backward_one,0.7,1,Oracle,3453,1800,0.01
266,180,4,5.0,9,2.0,100.0,90,1,30,Victor_Network,0,0,0,10.0,30.0,1,1,backward_one,0.7,1,Oracle,3453,1800,0.01
267,180,8,5.0,9,2.0,100.0,90,1,30,Victor_Network,0,0,0,10.0,30.0,1,1,backward_one,0.7,1,Oracle,3453,1800,0.01
268,180,2,10.0,9,2.0,100.0,90,1,30,Victor_Network,0,0,0,10.0,30.0,1,1,backward_one,0.7,1,Oracle,3453,1800,0.01
269,180,4,10.0,9,2.0,100.0,90,1,30,Victor_Network,0,0,0,10.0,30.0,1,1,backward_one,0.7,1,Oracle,3453,1800,0.01
270,180,8,10.0,9,2.0,100.0,90,1,30,Victor_Network,0,0,0,10.0,30.0,1,1,backward_one,0.7,1,Oracle,3453,1800,0.01
271,180,2,3.0,3,2.0,100.0,90,1,5,Grid_Network,0,0,0,10.0,30.0,1,1,backward_one,0.7,1,Oracle,3453,1800,0.01
272,180,4,3.0,3,2.0,100.0,90,1,5,Grid_Network,0,0,0,10.0,30.0,1,1,backward_one,0.7,1,Oracle,3453,1800,0.01
273,180,8,3.0,3,2.0,100.0,90,1,5,Grid_Network,0,0,0,10.0,30.0,1,1,backward_one,0.7,1,Oracle,3453,1800,0.01
274,180,2,5.0,3,2.0,100.0,90,1,5,Grid_Network,0,0,0,10.0,30.0,1,1,backward_one,0.7,1,Oracle,3453,1800,0.01
275,180,4,5.0,3,2.0,100.0,90,1,5,Grid_Network,0,0,0,10.0,30.0,1,1,backward_one,0.7,1,Oracle,3453,1800,0.01
276,180,8,5.0,3,2.0,100.0,90,1,5,Grid_Network,0,0,0,10.0,30.0,1,1,backward_one,0.7,1,Oracle,3453,1800,0.01
277,180,2,10.0,3,2.0,100.0,90,1,5,Grid_Network,0,0,0,10.0,30.0,1,1,backward_one,0.7,1,Oracle,3453,1800,0.01
278,180,4,10.0,3,2.0,100.0,90,1,5,Grid_Network,0,0,0,10.0,30.0,1,1,backward_one,0.7,1,Oracle,3453,1800,0.01
279,180,8,10.0,3,2.0,100.0,90,1,5,Grid_Network,0,0,0,10.0,30.0,1,1,backward_one,0.7,1,Oracle,3453,1800,0.01
280,180,2,3.0,5,2.0,100.0,90,1,5,Grid_Network,0,0,0,10.0,30.0,1,1,backward_one,0.7,1,Oracle,3453,1800,0.01
281,180,4,3.0,5,2.0,100.0,90,1,5,Grid_Network,0,0,0,10.0,30.0,1,1,backward_one,0.7,1,Oracle,3453,1800,0.01
282,180,8,3.0,5,2.0,100.0,90,1,5,Grid_Network,0,0,0,10.0,30.0,1,1,backward_one,0.7,1,Oracle,3453,1800,0.01
283,180,2,5.0,5,2.0,100.0,90,1,5,Grid_Network,0,0,0,10.0,30.0,1,1,backward_one,0.7,1,Oracle,3453,1800,0.01
284,180,4,5.0,5,2.0,100.0,90,1,5,Grid_Network,0,0,0,10.0,30.0,1,1,backward_one,0.7,1,Oracle,3453,1800,0.01
285,180,8,5.0,5,2.0,100.0,90,1,5,Grid_Network,0,0,0,10.0,30.0,1,1,backward_one,0.7,1,Oracle,3453,1800,0.01
286,180,2,10.0,5,2.0,100.0,90,1,5,Grid_Network,0,0,0,10.0,30.0,1,1,backward_one,0.7,1,Oracle,3453,1800,0.01
287,180,4,10.0,5,2.0,100.0,90,1,5,Grid_Network,0,0,0,10.0,30.0,1,1,backward_one,0.7,1,Oracle,3453,1800,0.01
288,180,8,10.0,5,2.0,100.0,90,1,5,Grid_Network,0,0,0,10.0,30.0,1,1,backward_one,0.7,1,Oracle,3453,1800,0.01
289,180,2,3.0,9,2.0,100.0,90,1,5,Grid_Network,0,0,0,10.0,30.0,1,1,backward_one,0.7,1,Oracle,3453,1800,0.01
290,180,4,3.0,9,2.0,100.0,90,1,5,Grid_Network,0,0,0,10.0,30.0,1,1,backward_one,0.7,1,Oracle,3453,1800,0.01
291,180,8,3.0,9,2.0,100.0,90,1,5,Grid_Network,0,0,0,10.0,30.0,1,1,backward_one,0.7,1,Oracle,3453,1800,0.01
292,180,2,5.0,9,2.0,100.0,90,1,5,Grid_Network,0,0,0,10.0,30.0,1,1,backward_one,0.7,1,Oracle,3453,1800,0.01
293,180,4,5.0,9,2.0,100.0,90,1,5,Grid_Network,0,0,0,10.0,30.0,1,1,backward_one,0.7,1,Oracle,3453,1800,0.01
294,180,8,5.0,9,2.0,100.0,90,1,5,Grid_Network,0,0,0,10.0,30.0,1,1,backward_one,0.7,1,Oracle,3453,1800,0.01
295,180,2,10.0,9,2.0,100.0,90,1,5,Grid_Network,0,0,0,10.0,30.0,1,1,backward_one,0.7,1,Oracle,3453,1800,0.01
296,180,4,10.0,9,2.0,100.0,90,1,5,Grid_Network,0,0,0,10.0,30.0,1,1,backward_one,0.7,1,Oracle,3453,1800,0.01
297,180,8,10.0,9,2.0,100.0,90,1,5,Grid_Network,0,0,0,10.0,30.0,1,1,backward_one,0.7,1,Oracle,3453,1800,0.01
298,180,2,3.0,3,2.0,100.0,90,1,15,Grid_Network,0,0,0,10.0,30.0,1,1,backward_one,0.7,1,Oracle,3453,1800,0.01
299,180,4,3.0,3,2.0,100.0,90,1,15,Grid_Network,0,0,0,10.0,30.0,1,1,backward_one,0.7,1,Oracle,3453,1800,0.01
300,180,8,3.0,3,2.0,100.0,90,1,15,Grid_Network,0,0,0,10.0,30.0,1,1,backward_one,0.7,1,Oracle,3453,1800,0.01
301,180,2,5.0,3,2.0,100.0,90,1,15,Grid_Network,0,0,0,10.0,30.0,1,1,backward_one,0.7,1,Oracle,3453,1800,0.01
302,180,4,5.0,3,2.0,100.0,90,1,15,Grid_Network,0,0,0,10.0,30.0,1,1,backward_one,0.7,1,Oracle,3453,1800,0.01
303,180,8,5.0,3,2.0,100.0,90,1,15,Grid_Network,0,0,0,10.0,30.0,1,1,backward_one,0.7,1,Oracle,3453,1800,0.01
304,180,2,10.0,3,2.0,100.0,90,1,15,Grid_Network,0,0,0,10.0,30.0,1,1,backward_one,0.7,1,Oracle,3453,1800,0.01
305,180,4,10.0,3,2.0,100.0,90,1,15,Grid_Network,0,0,0,10.0,30.0,1,1,backward_one,0.7,1,Oracle,3453,1800,0.01
306,180,8,10.0,3,2.0,100.0,90,1,15,Grid_Network,0,0,0,10.0,30.0,1,1,backward_one,0.7,1,Oracle,3453,1800,0.01
307,180,2,3.0,5,2.0,100.0,90,1,15,Grid_Network,0,0,0,10.0,30.0,1,1,backward_one,0.7,1,Oracle,3453,1800,0.01
308,180,4,3.0,5,2.0,100.0,90,1,15,Grid_Network,0,0,0,10.0,30.0,1,1,backward_one,0.7,1,Oracle,3453,1800,0.01
309,180,8,3.0,5,2.0,100.0,90,1,15,Grid_Network,0,0,0,10.0,30.0,1,1,backward_one,0.7,1,Oracle,3453,1800,0.01
310,180,2,5.0,5,2.0,100.0,90,1,15,Grid_Network,0,0,0,10.0,30.0,1,1,backward_one,0.7,1,Oracle,3453,1800,0.01
311,180,4,5.0,5,2.0,100.0,90,1,15,Grid_Network,0,0,0,10.0,30.0,1,1,backward_one,0.7,1,Oracle,3453,1800,0.01
312,180,8,5.0,5,2.0,100.0,90,1,15,Grid_Network,0,0,0,10.0,30.0,1,1,backward_one,0.7,1,Oracle,3453,1800,0.01
313,180,2,10.0,5,2.0,100.0,90,1,15,Grid_Network,0,0,0,10.0,30.0,1,1,backward_one,0.7,1,Oracle,3453,1800,0.01
314,180,4,10.0,5,2.0,100.0,90,1,15,Grid_Network,0,0,0,10.0,30.0,1,1,backward_one,0.7,1,Oracle,3453,1800,0.01
315,180,8,10.0,5,2.0,100.0,90,1,15,Grid_Network,0,0,0,10.0,30.0,1,1,backward_one,0.7,1,Oracle,3453,1800,0.01
316,180,2,3.0,9,2.0,100.0,90,1,15,Grid_Network,0,0,0,10.0,30.0,1,1,backward_one,0.7,1,Oracle,3453,1800,0.01
317,180,4,3.0,9,2.0,100.0,90,1,15,Grid_Network,0,0,0,10.0,30.0,1,1,backward_one,0.7,1,Oracle,3453,1800,0.01
318,180,8,3.0,9,2.0,100.0,90,1,15,Grid_Network,0,0,0,10.0,30.0,1,1,backward_one,0.7,1,Oracle,3453,1800,0.01
319,180,2,5.0,9,2.0,100.0,90,1,15,Grid_Network,0,0,0,10.0,30.0,1,1,backward_one,0.7,1,Oracle,3453,1800,0.01
320,180,4,5.0,9,2.0,100.0,90,1,15,Grid_Network,0,0,0,10.0,30.0,1,1,backward_one,0.7,1,Oracle,3453,1800,0.01
321,180,8,5.0,9,2.0,100.0,90,1,15,Grid_Network,0,0,0,10.0,30.0,1,1,backward_one,0.7,1,Oracle,3453,1800,0.01
322,180,2,10.0,9,2.0,100.0,90,1,15,Grid_Network,0,0,0,10.0,30.0,1,1,backward_one,0.7,1,Oracle,3453,1800,0.01
323,180,4,10.0,9,2.0,100.0,90,1,15,Grid_Network,0,0,0,10.0,30.0,1,1,backward_one,0.7,1,Oracle,3453,1800,0.01
324,180,8,10.0,9,2.0,100.0,90,1,15,Grid_Network,0,0,0,10.0,30.0,1,1,backward_one,0.7,1,Oracle,3453,1800,0.01
325,180,2,3.0,3,2.0,100.0,90,1,30,Grid_Network,0,0,0,10.0,30.0,1,1,backward_one,0.7,1,Oracle,3453,1800,0.01
326,180,4,3.0,3,2.0,100.0,90,1,30,Grid_Network,0,0,0,10.0,30.0,1,1,backward_one,0.7,1,Oracle,3453,1800,0.01
327,180,8,3.0,3,2.0,100.0,90,1,30,Grid_Network,0,0,0,10.0,30.0,1,1,backward_one,0.7,1,Oracle,3453,1800,0.01
328,180,2,5.0,3,2.0,100.0,90,1,30,Grid_Network,0,0,0,10.0,30.0,1,1,backward_one,0.7,1,Oracle,3453,1800,0.01
329,180,4,5.0,3,2.0,100.0,90,1,30,Grid_Network,0,0,0,10.0,30.0,1,1,backward_one,0.7,1,Oracle,3453,1800,0.01
330,180,8,5.0,3,2.0,100.0,90,1,30,Grid_Network,0,0,0,10.0,30.0,1,1,backward_one,0.7,1,Oracle,3453,1800,0.01
331,180,2,10.0,3,2.0,100.0,90,1,30,Grid_Network,0,0,0,10.0,30.0,1,1,backward_one,0.7,1,Oracle,3453,1800,0.01
332,180,4,10.0,3,2.0,100.0,90,1,30,Grid_Network,0,0,0,10.0,30.0,1,1,backward_one,0.7,1,Oracle,3453,1800,0.01
333,180,8,10.0,3,2.0,100.0,90,1,30,Grid_Network,0,0,0,10.0,30.0,1,1,backward_one,0.7,1,Oracle,3453,1800,0.01
334,180,2,3.0,5,2.0,100.0,90,1,30,Grid_Network,0,0,0,10.0,30.0,1,1,backward_one,0.7,1,Oracle,3453,1800,0.01
335,180,4,3.0,5,2.0,100.0,90,1,30,Grid_Network,0,0,0,10.0,30.0,1,1,backward_one,0.7,1,Oracle,3453,1800,0.01
336,180,8,3.0,5,2.0,100.0,90,1,30,Grid_Network,0,0,0,10.0,30.0,1,1,backward_one,0.7,1,Oracle,3453,1800,0.01
337,180,2,5.0,5,2.0,100.0,90,1,30,Grid_Network,0,0,0,10.0,30.0,1,1,backward_one,0.7,1,Oracle,3453,1800,0.01
338,180,4,5.0,5,2.0,100.0,90,1,30,Grid_Network,0,0,0,10.0,30.0,1,1,backward_one,0.7,1,Oracle,3453,1800,0.01
339,180,8,5.0,5,2.0,100.0,90,1,30,Grid_Network,0,0,0,10.0,30.0,1,1,backward_one,0.7,1,Oracle,3453,1800,0.01
340,180,2,10.0,5,2.0,100.0,90,1,30,Grid_Network,0,0,0,10.0,30.0,1,1,backward_one,0.7,1,Oracle,3453,1800,0.01
341,180,4,10.0,5,2.0,100.0,90,1,30,Grid_Network,0,0,0,10.0,30.0,1,1,backward_one,0.7,1,Oracle,3453,1800,0.01
342,180,8,10.0,5,2.0,100.0,90,1,30,Grid_Network,0,0,0,10.0,30.0,1,1,backward_one,0.7,1,Oracle,3453,1800,0.01
343,180,2,3.0,9,2.0,100.0,90,1,30,Grid_Network,0,0,0,10.0,30.0,1,1,backward_one,0.7,1,Oracle,3453,1800,0.01
344,180,4,3.0,9,2.0,100.0,90,1,30,Grid_Network,0,0,0,10.0,30.0,1,1,backward_one,0.7,1,Oracle,3453,1800,0.01
345,180,8,3.0,9,2.0,100.0,90,1,30,Grid_Network,0,0,0,10.0,30.0,1,1,backward_one,0.7,1,Oracle,3453,1800,0.01
346,180,2,5.0,9,2.0,100.0,90,1,30,Grid_Network,0,0,0,10.0,30.0,1,1,backward_one,0.7,1,Oracle,3453,1800,0.01
347,180,4,5.0,9,2.0,100.0,90,1,30,Grid_Network,0,0,0,10.0,30.0,1,1,backward_one,0.7,1,Oracle,3453,1800,0.01
348,180,8,5.0,9,2.0,100.0,90,1,30,Grid_Network,0,0,0,10.0,30.0,1,1,backward_one,0.7,1,Oracle,3453,1800,0.01
349,180,2,10.0,9,2.0,100.0,90,1,30,Grid_Network,0,0,0,10.0,30.0,1,1,backward_one,0.7,1,Oracle,3453,1800,0.01
350,180,4,10.0,9,2.0,100.0,90,1,30,Grid_Network,0,0,0,10.0,30.0,1,1,backward_one,0.7,1,Oracle,3453,1800,0.01
351,180,8,10.0,9,2.0,100.0,90,1,30,Grid_Network,0,0,0,10.0,30.0,1,1,backward_one,0.7,1,Oracle,3453,1800,0.01
352,180,2,3.0,3,2.0,100.0,90,1,5,Direct_Network,0,0,0,10.0,30.0,1,1,backward_one,0.7,1,Oracle,3453,1800,0.01
353,180,2,5.0,3,2.0,100.0,90,1,5,Direct_Network,0,0,0,10.0,30.0,1,1,backward_one,0.7,1,Oracle,3453,1800,0.01
354,180,2,10.0,3,2.0,100.0,90,1,5,Direct_Network,0,0,0,10.0,30.0,1,1,backward_one,0.7,1,Oracle,3453,1800,0.01
355,180,2,3.0,5,2.0,100.0,90,1,5,Direct_Network,0,0,0,10.0,30.0,1,1,backward_one,0.7,1,Oracle,3453,1800,0.01
356,180,2,5.0,5,2.0,100.0,90,1,5,Direct_Network,0,0,0,10.0,30.0,1,1,backward_one,0.7,1,Oracle,3453,1800,0.01
357,180,2,10.0,5,2.0,100.0,90,1,5,Direct_Network,0,0,0,10.0,30.0,1,1,backward_one,0.7,1,Oracle,3453,1800,0.01
358,180,2,3.0,9,2.0,100.0,90,1,5,Direct_Network,0,0,0,10.0,30.0,1,1,backward_one,0.7,1,Oracle,3453,1800,0.01
359,180,2,5.0,9,2.0,100.0,90,1,5,Direct_Network,0,0,0,10.0,30.0,1,1,backward_one,0.7,1,Oracle,3453,1800,0.01
360,180,2,10.0,9,2.0,100.0,90,1,5,Direct_Network,0,0,0,10.0,30.0,1,1,backward_one,0.7,1,Oracle,3453,1800,0.01
361,180,2,3.0,3,2.0,100.0,90,1,15,Direct_Network,0,0,0,10.0,30.0,1,1,backward_one,0.7,1,Oracle,3453,1800,0.01
362,180,2,5.0,3,2.0,100.0,90,1,15,Direct_Network,0,0,0,10.0,30.0,1,1,backward_one,0.7,1,Oracle,3453,1800,0.01
363,180,2,10.0,3,2.0,100.0,90,1,15,Direct_Network,0,0,0,10.0,30.0,1,1,backward_one,0.7,1,Oracle,3453,1800,0.01
364,180,2,3.0,5,2.0,100.0,90,1,15,Direct_Network,0,0,0,10.0,30.0,1,1,backward_one,0.7,1,Oracle,3453,1800,0.01
365,180,2,5.0,5,2.0,100.0,90,1,15,Direct_Network,0,0,0,10.0,30.0,1,1,backward_one,0.7,1,Oracle,3453,1800,0.01
366,180,2,10.0,5,2.0,100.0,90,1,15,Direct_Network,0,0,0,10.0,30.0,1,1,backward_one,0.7,1,Oracle,3453,1800,0.01
367,180,2,3.0,9,2.0,100.0,90,1,15,Direct_Network,0,0,0,10.0,30.0,1,1,backward_one,0.7,1,Oracle,3453,1800,0.01
368,180,2,5.0,9,2.0,100.0,90,1,15,Direct_Network,0,0,0,10.0,30.0,1,1,backward_one,0.7,1,Oracle,3453,1800,0.01
369,180,2,10.0,9,2.0,100.0,90,1,15,Direct_Network,0,0,0,10.0,30.0,1,1,backward_one,0.7,1,Oracle,3453,1800,0.01
370,180,2,3.0,3,2.0,100.0,90,1,30,Direct_Network,0,0,0,10.0,30.0,1,1,backward_one,0.7,1,Oracle,3453,1800,0.01
371,180,2,5.0,3,2.0,100.0,90,1,30,Direct_Network,0,0,0,10.0,30.0,1,1,backward_one,0.7,1,Oracle,3453,1800,0.01
372,180,2,10.0,3,2.0,100.0,90,1,30,Direct_Network,0,0,0,10.0,30.0,1,1,backward_one,0.7,1,Oracle,3453,1800,0.01
373,180,2,3.0,5,2.0,100.0,90,1,30,Direct_Network,0,0,0,10.0,30.0,1,1,backward_one,0.7,1,Oracle,3453,1800,0.01
374,180,2,5.0,5,2.0,100.0,90,1,30,Direct_Network,0,0,0,10.0,30.0,1,1,backward_one,0.7,1,Oracle,3453,1800,0.01
375,180,2,10.0,5,2.0,100.0,90,1,30,Direct_Network,0,0,0,10.0,30.0,1,1,backward_one,0.7,1,Oracle,3453,1800,0.01
376,180,2,3.0,9,2.0,100.0,90,1,30,Direct_Network,0,0,0,10.0,30.0,1,1,backward_one,0.7,1,Oracle,3453,1800,0.01
377,180,2,5.0,9,2.0,100.0,90,1,30,Direct_Network,0,0,0,10.0,30.0,1,1,backward_one,0.7,1,Oracle,3453,1800,0.01
378,180,2,10.0,9,2.0,100.0,90,1,30,Direct_Network,0,0,0,10.0,30.0,1,1,backward_one,0.7,1,Oracle,3453,1800,0.01
